{
  "p_value": 4.830856390397399e-67,
  "cohens_d": 10.567203602133672,
  "auc_mean": 1.0,
  "auc_ci_lower": 0.9999999999999999,
  "auc_ci_upper": 1.0,
  "n_samples": 400
}