{
  "probe_layerwise": [
    {
      "layer_idx": 0,
      "auc": 0.9994444444444445
    },
    {
      "layer_idx": 1,
      "auc": 0.9988888888888889
    }
  ],
  "probe_final_auc": 0.9988888888888889
}